Prot.ID,NO,Residue,ATP Binding Site
1mb9_chainB_chainB,1,M,N
1mb9_chainB_chainB,2,G,N
1mb9_chainB_chainB,3,A,N
1mb9_chainB_chainB,4,P,N
1mb9_chainB_chainB,5,V,N
1mb9_chainB_chainB,6,L,N
1mb9_chainB_chainB,7,P,N
1mb9_chainB_chainB,8,A,N
1mb9_chainB_chainB,9,A,N
1mb9_chainB_chainB,10,F,N
1mb9_chainB_chainB,11,G,N
1mb9_chainB_chainB,12,F,N
1mb9_chainB_chainB,13,L,N
1mb9_chainB_chainB,14,A,N
1mb9_chainB_chainB,15,S,N
1mb9_chainB_chainB,16,A,N
1mb9_chainB_chainB,17,R,N
1mb9_chainB_chainB,18,T,N
1mb9_chainB_chainB,19,G,N
1mb9_chainB_chainB,20,G,N
1mb9_chainB_chainB,21,G,N
1mb9_chainB_chainB,22,R,N
1mb9_chainB_chainB,23,A,N
1mb9_chainB_chainB,24,P,N
1mb9_chainB_chainB,25,G,N
1mb9_chainB_chainB,26,P,N
1mb9_chainB_chainB,27,V,N
1mb9_chainB_chainB,28,F,N
1mb9_chainB_chainB,29,A,N
1mb9_chainB_chainB,30,T,N
1mb9_chainB_chainB,31,R,N
1mb9_chainB_chainB,32,G,N
1mb9_chainB_chainB,33,S,N
1mb9_chainB_chainB,34,H,N
1mb9_chainB_chainB,35,T,N
1mb9_chainB_chainB,36,D,N
1mb9_chainB_chainB,37,I,N
1mb9_chainB_chainB,38,D,N
1mb9_chainB_chainB,39,T,N
1mb9_chainB_chainB,40,P,N
1mb9_chainB_chainB,41,Q,N
1mb9_chainB_chainB,42,G,N
1mb9_chainB_chainB,43,E,N
1mb9_chainB_chainB,44,R,N
1mb9_chainB_chainB,45,S,N
1mb9_chainB_chainB,46,L,N
1mb9_chainB_chainB,47,A,N
1mb9_chainB_chainB,48,A,N
1mb9_chainB_chainB,49,T,N
1mb9_chainB_chainB,50,L,N
1mb9_chainB_chainB,51,V,N
1mb9_chainB_chainB,52,H,N
1mb9_chainB_chainB,53,A,N
1mb9_chainB_chainB,54,P,N
1mb9_chainB_chainB,55,S,N
1mb9_chainB_chainB,56,V,N
1mb9_chainB_chainB,57,A,N
1mb9_chainB_chainB,58,P,N
1mb9_chainB_chainB,59,D,N
1mb9_chainB_chainB,60,R,N
1mb9_chainB_chainB,61,A,N
1mb9_chainB_chainB,62,V,N
1mb9_chainB_chainB,63,A,N
1mb9_chainB_chainB,64,R,N
1mb9_chainB_chainB,65,S,N
1mb9_chainB_chainB,66,L,N
1mb9_chainB_chainB,67,T,N
1mb9_chainB_chainB,68,G,N
1mb9_chainB_chainB,69,A,N
1mb9_chainB_chainB,70,P,N
1mb9_chainB_chainB,71,T,N
1mb9_chainB_chainB,72,T,N
1mb9_chainB_chainB,73,A,N
1mb9_chainB_chainB,74,V,N
1mb9_chainB_chainB,75,L,N
1mb9_chainB_chainB,76,A,N
1mb9_chainB_chainB,77,G,N
1mb9_chainB_chainB,78,E,N
1mb9_chainB_chainB,79,I,N
1mb9_chainB_chainB,80,Y,N
1mb9_chainB_chainB,81,N,N
1mb9_chainB_chainB,82,R,N
1mb9_chainB_chainB,83,D,N
1mb9_chainB_chainB,84,E,N
1mb9_chainB_chainB,85,L,N
1mb9_chainB_chainB,86,L,N
1mb9_chainB_chainB,87,S,N
1mb9_chainB_chainB,88,V,N
1mb9_chainB_chainB,89,L,N
1mb9_chainB_chainB,90,P,N
1mb9_chainB_chainB,91,A,N
1mb9_chainB_chainB,92,G,N
1mb9_chainB_chainB,93,P,N
1mb9_chainB_chainB,94,A,N
1mb9_chainB_chainB,95,P,N
1mb9_chainB_chainB,96,E,N
1mb9_chainB_chainB,97,G,N
1mb9_chainB_chainB,98,D,N
1mb9_chainB_chainB,99,A,N
1mb9_chainB_chainB,100,E,N
1mb9_chainB_chainB,101,L,N
1mb9_chainB_chainB,102,V,N
1mb9_chainB_chainB,103,L,N
1mb9_chainB_chainB,104,R,N
1mb9_chainB_chainB,105,L,N
1mb9_chainB_chainB,106,L,N
1mb9_chainB_chainB,107,E,N
1mb9_chainB_chainB,108,R,N
1mb9_chainB_chainB,109,Y,N
1mb9_chainB_chainB,110,D,N
1mb9_chainB_chainB,111,L,N
1mb9_chainB_chainB,112,H,N
1mb9_chainB_chainB,113,A,N
1mb9_chainB_chainB,114,F,N
1mb9_chainB_chainB,115,R,N
1mb9_chainB_chainB,116,L,N
1mb9_chainB_chainB,117,V,N
1mb9_chainB_chainB,118,N,N
1mb9_chainB_chainB,119,G,N
1mb9_chainB_chainB,120,R,N
1mb9_chainB_chainB,121,F,N
1mb9_chainB_chainB,122,A,N
1mb9_chainB_chainB,123,T,N
1mb9_chainB_chainB,124,V,N
1mb9_chainB_chainB,125,V,N
1mb9_chainB_chainB,126,R,N
1mb9_chainB_chainB,127,T,N
1mb9_chainB_chainB,128,G,N
1mb9_chainB_chainB,129,D,N
1mb9_chainB_chainB,130,R,N
1mb9_chainB_chainB,131,V,N
1mb9_chainB_chainB,132,L,N
1mb9_chainB_chainB,133,L,N
1mb9_chainB_chainB,134,A,N
1mb9_chainB_chainB,135,T,N
1mb9_chainB_chainB,136,D,N
1mb9_chainB_chainB,137,H,N
1mb9_chainB_chainB,138,A,N
1mb9_chainB_chainB,139,G,N
1mb9_chainB_chainB,140,S,N
1mb9_chainB_chainB,141,V,N
1mb9_chainB_chainB,142,P,N
1mb9_chainB_chainB,143,L,N
1mb9_chainB_chainB,144,Y,N
1mb9_chainB_chainB,145,T,N
1mb9_chainB_chainB,146,C,N
1mb9_chainB_chainB,147,V,N
1mb9_chainB_chainB,148,A,N
1mb9_chainB_chainB,149,P,N
1mb9_chainB_chainB,150,G,N
1mb9_chainB_chainB,151,E,N
1mb9_chainB_chainB,152,V,N
1mb9_chainB_chainB,153,R,N
1mb9_chainB_chainB,154,A,N
1mb9_chainB_chainB,155,S,N
1mb9_chainB_chainB,156,T,N
1mb9_chainB_chainB,157,E,N
1mb9_chainB_chainB,158,A,N
1mb9_chainB_chainB,159,K,N
1mb9_chainB_chainB,160,A,N
1mb9_chainB_chainB,161,L,N
1mb9_chainB_chainB,162,A,N
1mb9_chainB_chainB,163,A,N
1mb9_chainB_chainB,164,H,N
1mb9_chainB_chainB,165,R,N
1mb9_chainB_chainB,166,D,N
1mb9_chainB_chainB,167,P,N
1mb9_chainB_chainB,168,K,N
1mb9_chainB_chainB,169,G,N
1mb9_chainB_chainB,170,F,N
1mb9_chainB_chainB,171,P,N
1mb9_chainB_chainB,172,L,N
1mb9_chainB_chainB,173,A,N
1mb9_chainB_chainB,174,D,N
1mb9_chainB_chainB,175,A,N
1mb9_chainB_chainB,176,R,N
1mb9_chainB_chainB,177,R,N
1mb9_chainB_chainB,178,V,N
1mb9_chainB_chainB,179,A,N
1mb9_chainB_chainB,180,G,N
1mb9_chainB_chainB,181,L,N
1mb9_chainB_chainB,182,T,N
1mb9_chainB_chainB,183,G,N
1mb9_chainB_chainB,184,V,N
1mb9_chainB_chainB,185,Y,N
1mb9_chainB_chainB,186,Q,N
1mb9_chainB_chainB,187,V,N
1mb9_chainB_chainB,188,P,N
1mb9_chainB_chainB,189,A,N
1mb9_chainB_chainB,190,G,N
1mb9_chainB_chainB,191,A,N
1mb9_chainB_chainB,192,V,N
1mb9_chainB_chainB,193,M,N
1mb9_chainB_chainB,194,D,N
1mb9_chainB_chainB,195,I,N
1mb9_chainB_chainB,196,D,N
1mb9_chainB_chainB,197,L,N
1mb9_chainB_chainB,198,G,N
1mb9_chainB_chainB,199,S,N
1mb9_chainB_chainB,200,G,N
1mb9_chainB_chainB,201,T,N
1mb9_chainB_chainB,202,A,N
1mb9_chainB_chainB,203,V,N
1mb9_chainB_chainB,204,T,N
1mb9_chainB_chainB,205,H,N
1mb9_chainB_chainB,206,R,N
1mb9_chainB_chainB,207,T,N
1mb9_chainB_chainB,208,W,N
1mb9_chainB_chainB,209,T,N
1mb9_chainB_chainB,210,P,N
1mb9_chainB_chainB,211,G,N
1mb9_chainB_chainB,212,L,N
1mb9_chainB_chainB,213,S,N
1mb9_chainB_chainB,214,R,N
1mb9_chainB_chainB,215,R,N
1mb9_chainB_chainB,216,I,N
1mb9_chainB_chainB,217,L,N
1mb9_chainB_chainB,218,P,N
1mb9_chainB_chainB,219,E,N
1mb9_chainB_chainB,220,G,N
1mb9_chainB_chainB,221,E,N
1mb9_chainB_chainB,222,A,N
1mb9_chainB_chainB,223,V,N
1mb9_chainB_chainB,224,A,N
1mb9_chainB_chainB,225,A,N
1mb9_chainB_chainB,226,V,N
1mb9_chainB_chainB,227,R,N
1mb9_chainB_chainB,228,A,N
1mb9_chainB_chainB,229,A,N
1mb9_chainB_chainB,230,L,N
1mb9_chainB_chainB,231,E,N
1mb9_chainB_chainB,232,K,N
1mb9_chainB_chainB,233,A,N
1mb9_chainB_chainB,234,V,N
1mb9_chainB_chainB,235,A,N
1mb9_chainB_chainB,236,Q,N
1mb9_chainB_chainB,237,R,N
1mb9_chainB_chainB,238,V,N
1mb9_chainB_chainB,239,T,N
1mb9_chainB_chainB,240,P,N
1mb9_chainB_chainB,241,G,N
1mb9_chainB_chainB,242,D,N
1mb9_chainB_chainB,243,T,N
1mb9_chainB_chainB,244,P,N
1mb9_chainB_chainB,245,L,N
1mb9_chainB_chainB,246,V,N
1mb9_chainB_chainB,247,V,B
1mb9_chainB_chainB,248,L,B
1mb9_chainB_chainB,249,S,B
1mb9_chainB_chainB,250,G,N
1mb9_chainB_chainB,251,G,B
1mb9_chainB_chainB,252,I,B
1mb9_chainB_chainB,253,D,B
1mb9_chainB_chainB,254,S,B
1mb9_chainB_chainB,255,S,N
1mb9_chainB_chainB,256,G,N
1mb9_chainB_chainB,257,V,N
1mb9_chainB_chainB,258,A,N
1mb9_chainB_chainB,259,A,N
1mb9_chainB_chainB,260,C,N
1mb9_chainB_chainB,261,A,N
1mb9_chainB_chainB,262,H,N
1mb9_chainB_chainB,263,R,N
1mb9_chainB_chainB,264,A,N
1mb9_chainB_chainB,265,A,N
1mb9_chainB_chainB,266,G,N
1mb9_chainB_chainB,267,E,N
1mb9_chainB_chainB,268,L,N
1mb9_chainB_chainB,269,D,N
1mb9_chainB_chainB,270,T,N
1mb9_chainB_chainB,271,V,B
1mb9_chainB_chainB,272,S,B
1mb9_chainB_chainB,273,M,B
1mb9_chainB_chainB,274,G,N
1mb9_chainB_chainB,275,T,N
1mb9_chainB_chainB,276,D,N
1mb9_chainB_chainB,277,T,N
1mb9_chainB_chainB,278,S,N
1mb9_chainB_chainB,279,N,N
1mb9_chainB_chainB,280,E,N
1mb9_chainB_chainB,281,F,N
1mb9_chainB_chainB,282,R,N
1mb9_chainB_chainB,283,E,N
1mb9_chainB_chainB,284,A,N
1mb9_chainB_chainB,285,R,N
1mb9_chainB_chainB,286,A,N
1mb9_chainB_chainB,287,V,N
1mb9_chainB_chainB,288,V,N
1mb9_chainB_chainB,289,D,N
1mb9_chainB_chainB,290,H,N
1mb9_chainB_chainB,291,L,N
1mb9_chainB_chainB,292,R,N
1mb9_chainB_chainB,293,T,N
1mb9_chainB_chainB,294,R,N
1mb9_chainB_chainB,295,H,N
1mb9_chainB_chainB,296,R,N
1mb9_chainB_chainB,297,E,N
1mb9_chainB_chainB,298,I,N
1mb9_chainB_chainB,299,T,N
1mb9_chainB_chainB,300,I,N
1mb9_chainB_chainB,301,P,N
1mb9_chainB_chainB,302,T,N
1mb9_chainB_chainB,303,T,N
1mb9_chainB_chainB,304,E,N
1mb9_chainB_chainB,305,L,N
1mb9_chainB_chainB,306,L,N
1mb9_chainB_chainB,307,A,N
1mb9_chainB_chainB,308,Q,N
1mb9_chainB_chainB,309,L,N
1mb9_chainB_chainB,310,P,N
1mb9_chainB_chainB,311,Y,N
1mb9_chainB_chainB,312,A,N
1mb9_chainB_chainB,313,V,N
1mb9_chainB_chainB,314,W,N
1mb9_chainB_chainB,315,A,N
1mb9_chainB_chainB,316,S,N
1mb9_chainB_chainB,317,E,N
1mb9_chainB_chainB,318,S,N
1mb9_chainB_chainB,319,V,N
1mb9_chainB_chainB,320,D,N
1mb9_chainB_chainB,321,P,N
1mb9_chainB_chainB,322,D,N
1mb9_chainB_chainB,323,I,N
1mb9_chainB_chainB,324,I,N
1mb9_chainB_chainB,325,E,N
1mb9_chainB_chainB,326,Y,N
1mb9_chainB_chainB,327,L,N
1mb9_chainB_chainB,328,L,N
1mb9_chainB_chainB,329,P,N
1mb9_chainB_chainB,330,L,B
1mb9_chainB_chainB,331,T,N
1mb9_chainB_chainB,332,A,N
1mb9_chainB_chainB,333,L,B
1mb9_chainB_chainB,334,Y,N
1mb9_chainB_chainB,335,R,N
1mb9_chainB_chainB,336,A,N
1mb9_chainB_chainB,337,L,N
1mb9_chainB_chainB,338,D,N
1mb9_chainB_chainB,339,G,N
1mb9_chainB_chainB,340,P,N
1mb9_chainB_chainB,341,E,N
1mb9_chainB_chainB,342,R,N
1mb9_chainB_chainB,343,R,N
1mb9_chainB_chainB,344,I,N
1mb9_chainB_chainB,345,L,N
1mb9_chainB_chainB,346,T,B
1mb9_chainB_chainB,347,G,B
1mb9_chainB_chainB,348,Y,B
1mb9_chainB_chainB,349,G,N
1mb9_chainB_chainB,350,A,N
1mb9_chainB_chainB,351,D,B
1mb9_chainB_chainB,352,I,N
1mb9_chainB_chainB,353,P,N
1mb9_chainB_chainB,354,L,N
1mb9_chainB_chainB,355,G,N
1mb9_chainB_chainB,356,G,N
1mb9_chainB_chainB,357,M,N
1mb9_chainB_chainB,358,H,N
1mb9_chainB_chainB,359,R,N
1mb9_chainB_chainB,360,E,N
1mb9_chainB_chainB,361,D,N
1mb9_chainB_chainB,362,R,N
1mb9_chainB_chainB,363,L,N
1mb9_chainB_chainB,364,P,N
1mb9_chainB_chainB,365,A,N
1mb9_chainB_chainB,366,L,N
1mb9_chainB_chainB,367,D,N
1mb9_chainB_chainB,368,T,N
1mb9_chainB_chainB,369,V,N
1mb9_chainB_chainB,370,L,N
1mb9_chainB_chainB,371,A,N
1mb9_chainB_chainB,372,H,N
1mb9_chainB_chainB,373,D,N
1mb9_chainB_chainB,374,M,N
1mb9_chainB_chainB,375,A,N
1mb9_chainB_chainB,376,T,N
1mb9_chainB_chainB,377,F,N
1mb9_chainB_chainB,378,D,N
1mb9_chainB_chainB,379,G,N
1mb9_chainB_chainB,380,L,N
1mb9_chainB_chainB,381,N,N
1mb9_chainB_chainB,382,E,N
1mb9_chainB_chainB,383,M,N
1mb9_chainB_chainB,384,S,N
1mb9_chainB_chainB,385,P,N
1mb9_chainB_chainB,386,V,N
1mb9_chainB_chainB,387,L,N
1mb9_chainB_chainB,388,S,N
1mb9_chainB_chainB,389,T,N
1mb9_chainB_chainB,390,L,N
1mb9_chainB_chainB,391,A,N
1mb9_chainB_chainB,392,G,N
1mb9_chainB_chainB,393,H,N
1mb9_chainB_chainB,394,W,N
1mb9_chainB_chainB,395,T,N
1mb9_chainB_chainB,396,T,N
1mb9_chainB_chainB,397,H,N
1mb9_chainB_chainB,398,P,N
1mb9_chainB_chainB,399,Y,N
1mb9_chainB_chainB,400,W,N
1mb9_chainB_chainB,401,D,N
1mb9_chainB_chainB,402,R,N
1mb9_chainB_chainB,403,E,N
1mb9_chainB_chainB,404,V,N
1mb9_chainB_chainB,405,L,N
1mb9_chainB_chainB,406,D,N
1mb9_chainB_chainB,407,L,N
1mb9_chainB_chainB,408,L,N
1mb9_chainB_chainB,409,V,N
1mb9_chainB_chainB,410,S,N
1mb9_chainB_chainB,411,L,N
1mb9_chainB_chainB,412,E,N
1mb9_chainB_chainB,413,A,N
1mb9_chainB_chainB,414,G,N
1mb9_chainB_chainB,415,L,N
1mb9_chainB_chainB,416,K,N
1mb9_chainB_chainB,417,R,N
1mb9_chainB_chainB,418,R,N
1mb9_chainB_chainB,419,H,N
1mb9_chainB_chainB,420,G,N
1mb9_chainB_chainB,421,R,N
1mb9_chainB_chainB,422,D,N
1mb9_chainB_chainB,423,K,B
1mb9_chainB_chainB,424,W,N
1mb9_chainB_chainB,425,V,N
1mb9_chainB_chainB,426,L,N
1mb9_chainB_chainB,427,R,N
1mb9_chainB_chainB,428,A,N
1mb9_chainB_chainB,429,A,N
1mb9_chainB_chainB,430,M,N
1mb9_chainB_chainB,431,A,N
1mb9_chainB_chainB,432,D,N
1mb9_chainB_chainB,433,A,N
1mb9_chainB_chainB,434,L,N
1mb9_chainB_chainB,435,P,N
1mb9_chainB_chainB,436,A,N
1mb9_chainB_chainB,437,E,N
1mb9_chainB_chainB,438,T,N
1mb9_chainB_chainB,439,V,N
1mb9_chainB_chainB,440,N,N
1mb9_chainB_chainB,441,R,N
1mb9_chainB_chainB,442,P,N
1mb9_chainB_chainB,443,K,B
1mb9_chainB_chainB,444,L,N
1mb9_chainB_chainB,445,G,N
1mb9_chainB_chainB,446,V,N
1mb9_chainB_chainB,447,H,N
1mb9_chainB_chainB,448,E,N
1mb9_chainB_chainB,449,G,N
1mb9_chainB_chainB,450,S,N
1mb9_chainB_chainB,451,G,N
1mb9_chainB_chainB,452,T,N
1mb9_chainB_chainB,453,T,N
1mb9_chainB_chainB,454,S,N
1mb9_chainB_chainB,455,S,N
1mb9_chainB_chainB,456,F,N
1mb9_chainB_chainB,457,S,N
1mb9_chainB_chainB,458,R,N
1mb9_chainB_chainB,459,L,N
1mb9_chainB_chainB,460,L,N
1mb9_chainB_chainB,461,L,N
1mb9_chainB_chainB,462,D,N
1mb9_chainB_chainB,463,H,N
1mb9_chainB_chainB,464,G,N
1mb9_chainB_chainB,465,V,N
1mb9_chainB_chainB,466,A,N
1mb9_chainB_chainB,467,E,N
1mb9_chainB_chainB,468,D,N
1mb9_chainB_chainB,469,R,N
1mb9_chainB_chainB,470,V,N
1mb9_chainB_chainB,471,H,N
1mb9_chainB_chainB,472,E,N
1mb9_chainB_chainB,473,A,N
1mb9_chainB_chainB,474,K,N
1mb9_chainB_chainB,475,R,N
1mb9_chainB_chainB,476,Q,N
1mb9_chainB_chainB,477,V,N
1mb9_chainB_chainB,478,V,N
1mb9_chainB_chainB,479,R,N
1mb9_chainB_chainB,480,E,N
1mb9_chainB_chainB,481,L,N
1mb9_chainB_chainB,482,F,N
1mb9_chainB_chainB,483,D,N
1mb9_chainB_chainB,484,L,N
1mb9_chainB_chainB,485,T,N
1mb9_chainB_chainB,486,V,N
1mb9_chainB_chainB,487,G,N
1mb9_chainB_chainB,488,G,N
1mb9_chainB_chainB,489,G,N
1mb9_chainB_chainB,490,R,N
1mb9_chainB_chainB,491,H,N
1mb9_chainB_chainB,492,P,N
1mb9_chainB_chainB,493,S,N
1mb9_chainB_chainB,494,E,N
1mb9_chainB_chainB,495,V,N
1mb9_chainB_chainB,496,D,N
1mb9_chainB_chainB,497,T,N
1mb9_chainB_chainB,498,D,N
1mb9_chainB_chainB,499,D,N
1mb9_chainB_chainB,500,V,N
1mb9_chainB_chainB,501,V,N
1mb9_chainB_chainB,502,R,N
1mb9_chainB_chainB,503,S,N
1mb9_chainB_chainB,504,V,N
1mb9_chainB_chainB,505,A,N
1mb9_chainB_chainB,506,D,N
1mb9_chainB_chainB,507,R,N
1mb9_chainB_chainB,508,T,N
1mb9_chainB_chainB,509,A,N
1mb9_chainB_chainB,510,R,N
1mb9_chainB_chainB,511,G,N
1mb9_chainB_chainB,512,A,N
1mb9_chainB_chainB,513,A,N
