Prot.ID,NO,Residue,ATPseq Probability,ATPseq Binding Sites,ATPbind Probability,ATPbind Binding Sites
1fit_chainA,0001,S,0.018580,N,0.016756,N
1fit_chainA,0002,F,0.021944,N,0.024064,N
1fit_chainA,0003,R,0.028660,N,0.036987,N
1fit_chainA,0004,F,0.058123,N,0.093894,N
1fit_chainA,0005,G,0.065870,N,0.072591,N
1fit_chainA,0006,Q,0.022844,N,0.030043,N
1fit_chainA,0007,H,0.085663,N,0.049800,N
1fit_chainA,0008,L,0.110058,N,0.084954,N
1fit_chainA,0009,I,0.135152,N,0.074347,N
1fit_chainA,0010,K,0.077407,N,0.046748,N
1fit_chainA,0011,P,0.042836,N,0.028372,N
1fit_chainA,0012,S,0.072418,N,0.040700,N
1fit_chainA,0013,V,0.031013,N,0.027108,N
1fit_chainA,0014,V,0.060224,N,0.069843,N
1fit_chainA,0015,F,0.059948,N,0.055599,N
1fit_chainA,0016,L,0.055829,N,0.066153,N
1fit_chainA,0017,K,0.049755,N,0.067970,N
1fit_chainA,0018,T,0.048791,N,0.061694,N
1fit_chainA,0019,E,0.024097,N,0.038799,N
1fit_chainA,0020,L,0.021283,N,0.033807,N
1fit_chainA,0021,S,0.034742,N,0.049172,N
1fit_chainA,0022,F,0.060254,N,0.068731,N
1fit_chainA,0023,A,0.082402,N,0.113095,N
1fit_chainA,0024,L,0.073573,N,0.218097,N
1fit_chainA,0025,V,0.154407,N,0.341175,N
1fit_chainA,0026,N,0.256537,N,0.294084,N
1fit_chainA,0027,R,0.143222,N,0.151200,N
1fit_chainA,0028,K,0.148951,N,0.109133,N
1fit_chainA,0029,P,0.184058,N,0.079861,N
1fit_chainA,0030,V,0.132404,N,0.065534,N
1fit_chainA,0031,V,0.145051,N,0.083412,N
1fit_chainA,0032,P,0.207683,N,0.102978,N
1fit_chainA,0033,G,0.086800,N,0.062737,N
1fit_chainA,0034,H,0.148679,N,0.080921,N
1fit_chainA,0035,V,0.355469,N,0.302581,N
1fit_chainA,0036,L,0.117849,N,0.362464,N
1fit_chainA,0037,V,0.685244,B,0.768041,B
1fit_chainA,0038,C,0.108866,N,0.241794,N
1fit_chainA,0039,P,0.301450,N,0.187601,N
1fit_chainA,0040,L,0.329917,N,0.160620,N
1fit_chainA,0041,R,0.105251,N,0.103034,N
1fit_chainA,0042,P,0.148459,N,0.085857,N
1fit_chainA,0043,V,0.079991,N,0.082603,N
1fit_chainA,0044,E,0.065245,N,0.048705,N
1fit_chainA,0045,R,0.209894,N,0.102442,N
1fit_chainA,0046,F,0.095887,N,0.068559,N
1fit_chainA,0047,H,0.031484,N,0.026973,N
1fit_chainA,0048,D,0.027531,N,0.040971,N
1fit_chainA,0049,L,0.047509,N,0.038795,N
1fit_chainA,0050,R,0.053231,N,0.083627,N
1fit_chainA,0051,P,0.042065,N,0.052707,N
1fit_chainA,0052,D,0.090862,N,0.094071,N
1fit_chainA,0053,E,0.052545,N,0.058881,N
1fit_chainA,0054,V,0.018392,N,0.016303,N
1fit_chainA,0055,A,0.043758,N,0.033946,N
1fit_chainA,0056,D,0.087935,N,0.054816,N
1fit_chainA,0057,L,0.055180,N,0.030794,N
1fit_chainA,0058,F,0.027928,N,0.021083,N
1fit_chainA,0059,Q,0.078360,N,0.094955,N
1fit_chainA,0060,T,0.080619,N,0.128033,N
1fit_chainA,0061,T,0.032949,N,0.024172,N
1fit_chainA,0062,Q,0.046331,N,0.058786,N
1fit_chainA,0063,R,0.049885,N,0.090360,N
1fit_chainA,0064,V,0.031134,N,0.075111,N
1fit_chainA,0065,G,0.030196,N,0.024495,N
1fit_chainA,0066,T,0.034790,N,0.038739,N
1fit_chainA,0067,V,0.063527,N,0.077282,N
1fit_chainA,0068,V,0.033714,N,0.028961,N
1fit_chainA,0069,E,0.047223,N,0.036087,N
1fit_chainA,0070,K,0.068461,N,0.036192,N
1fit_chainA,0071,H,0.088973,N,0.056145,N
1fit_chainA,0072,F,0.063202,N,0.041821,N
1fit_chainA,0073,H,0.026500,N,0.023267,N
1fit_chainA,0074,G,0.031300,N,0.025561,N
1fit_chainA,0075,T,0.024522,N,0.018297,N
1fit_chainA,0076,S,0.058567,N,0.046357,N
1fit_chainA,0077,L,0.022184,N,0.021481,N
1fit_chainA,0078,T,0.025210,N,0.014805,N
1fit_chainA,0079,F,0.042963,N,0.027272,N
1fit_chainA,0080,S,0.081471,N,0.045437,N
1fit_chainA,0081,Q,0.098894,N,0.066291,N
1fit_chainA,0082,D,0.081761,N,0.043109,N
1fit_chainA,0083,G,0.134720,N,0.087777,N
1fit_chainA,0084,P,0.086822,N,0.053840,N
1fit_chainA,0085,E,0.119261,N,0.054813,N
1fit_chainA,0086,A,0.133012,N,0.054306,N
1fit_chainA,0087,G,0.307036,N,0.136359,N
1fit_chainA,0088,Q,0.180231,N,0.068480,N
1fit_chainA,0089,T,0.154727,N,0.063530,N
1fit_chainA,0090,V,0.367744,N,0.113945,N
1fit_chainA,0091,K,0.092906,N,0.033455,N
1fit_chainA,0092,H,0.596018,B,0.202438,N
1fit_chainA,0093,V,0.188202,N,0.051106,N
1fit_chainA,0094,H,0.302939,N,0.130355,N
1fit_chainA,0095,V,0.069475,N,0.046437,N
1fit_chainA,0096,H,0.270854,N,0.158696,N
1fit_chainA,0097,V,0.197790,N,0.103135,N
1fit_chainA,0098,L,0.190594,N,0.136878,N
1fit_chainA,0099,P,0.075923,N,0.054428,N
1fit_chainA,0100,R,0.142564,N,0.116012,N
1fit_chainA,0101,K,0.314784,N,0.201094,N
1fit_chainA,0102,A,0.157543,N,0.112512,N
1fit_chainA,0103,G,0.050935,N,0.053263,N
1fit_chainA,0104,D,0.099815,N,0.057666,N
1fit_chainA,0105,A,0.057844,N,0.038325,N
1fit_chainA,0106,S,0.092172,N,0.050592,N
1fit_chainA,0107,W,0.083356,N,0.051824,N
1fit_chainA,0108,R,0.095193,N,0.055324,N
1fit_chainA,0109,S,0.082456,N,0.034692,N
1fit_chainA,0110,E,0.077092,N,0.054454,N
1fit_chainA,0111,E,0.061311,N,0.028728,N
1fit_chainA,0112,E,0.025837,N,0.016039,N
1fit_chainA,0113,A,0.047892,N,0.037610,N
1fit_chainA,0114,A,0.023842,N,0.016418,N
1fit_chainA,0115,E,0.031386,N,0.021609,N
1fit_chainA,0116,A,0.057613,N,0.030591,N
1fit_chainA,0117,A,0.019665,N,0.015067,N
1fit_chainA,0118,A,0.019052,N,0.016122,N
1fit_chainA,0119,L,0.012046,N,0.011371,N
1fit_chainA,0120,R,0.025233,N,0.020116,N
1fit_chainA,0121,V,0.018675,N,0.017025,N
1fit_chainA,0122,Y,0.030836,N,0.026401,N
1fit_chainA,0123,F,0.033233,N,0.019311,N
1fit_chainA,0124,Q,0.040687,N,0.029223,N
