Prot.ID,Chain,NO,Residue,ATP Binding Site
1j09_chainA,A,1,M,N
1j09_chainA,A,2,V,N
1j09_chainA,A,3,V,N
1j09_chainA,A,4,T,N
1j09_chainA,A,5,R,N
1j09_chainA,A,6,I,N
1j09_chainA,A,7,A,N
1j09_chainA,A,8,P,N
1j09_chainA,A,9,S,N
1j09_chainA,A,10,P,N
1j09_chainA,A,11,T,N
1j09_chainA,A,12,G,N
1j09_chainA,A,13,D,N
1j09_chainA,A,14,P,N
1j09_chainA,A,15,H,B
1j09_chainA,A,16,V,N
1j09_chainA,A,17,G,B
1j09_chainA,A,18,T,B
1j09_chainA,A,19,A,N
1j09_chainA,A,20,Y,B
1j09_chainA,A,21,I,N
1j09_chainA,A,22,A,N
1j09_chainA,A,23,L,N
1j09_chainA,A,24,F,N
1j09_chainA,A,25,N,N
1j09_chainA,A,26,Y,N
1j09_chainA,A,27,A,N
1j09_chainA,A,28,W,N
1j09_chainA,A,29,A,N
1j09_chainA,A,30,R,N
1j09_chainA,A,31,R,N
1j09_chainA,A,32,N,N
1j09_chainA,A,33,G,N
1j09_chainA,A,34,G,N
1j09_chainA,A,35,R,N
1j09_chainA,A,36,F,N
1j09_chainA,A,37,I,N
1j09_chainA,A,38,V,N
1j09_chainA,A,39,R,N
1j09_chainA,A,40,I,N
1j09_chainA,A,41,E,N
1j09_chainA,A,42,D,N
1j09_chainA,A,43,T,N
1j09_chainA,A,44,D,N
1j09_chainA,A,45,R,N
1j09_chainA,A,46,A,N
1j09_chainA,A,47,R,N
1j09_chainA,A,48,Y,N
1j09_chainA,A,49,V,N
1j09_chainA,A,50,P,N
1j09_chainA,A,51,G,N
1j09_chainA,A,52,A,N
1j09_chainA,A,53,E,N
1j09_chainA,A,54,E,N
1j09_chainA,A,55,R,N
1j09_chainA,A,56,I,N
1j09_chainA,A,57,L,N
1j09_chainA,A,58,A,N
1j09_chainA,A,59,A,N
1j09_chainA,A,60,L,N
1j09_chainA,A,61,K,N
1j09_chainA,A,62,W,N
1j09_chainA,A,63,L,N
1j09_chainA,A,64,G,N
1j09_chainA,A,65,L,N
1j09_chainA,A,66,S,N
1j09_chainA,A,67,Y,N
1j09_chainA,A,68,D,N
1j09_chainA,A,69,E,N
1j09_chainA,A,70,G,N
1j09_chainA,A,71,P,N
1j09_chainA,A,72,D,N
1j09_chainA,A,73,V,N
1j09_chainA,A,74,G,N
1j09_chainA,A,75,G,N
1j09_chainA,A,76,P,N
1j09_chainA,A,77,H,N
1j09_chainA,A,78,G,N
1j09_chainA,A,79,P,N
1j09_chainA,A,80,Y,N
1j09_chainA,A,81,R,N
1j09_chainA,A,82,Q,N
1j09_chainA,A,83,S,N
1j09_chainA,A,84,E,N
1j09_chainA,A,85,R,N
1j09_chainA,A,86,L,N
1j09_chainA,A,87,P,N
1j09_chainA,A,88,L,N
1j09_chainA,A,89,Y,N
1j09_chainA,A,90,Q,N
1j09_chainA,A,91,K,N
1j09_chainA,A,92,Y,N
1j09_chainA,A,93,A,N
1j09_chainA,A,94,E,N
1j09_chainA,A,95,E,N
1j09_chainA,A,96,L,N
1j09_chainA,A,97,L,N
1j09_chainA,A,98,K,N
1j09_chainA,A,99,R,N
1j09_chainA,A,100,G,N
1j09_chainA,A,101,W,N
1j09_chainA,A,102,A,N
1j09_chainA,A,103,Y,N
1j09_chainA,A,104,R,N
1j09_chainA,A,105,A,N
1j09_chainA,A,106,F,N
1j09_chainA,A,107,E,N
1j09_chainA,A,108,T,N
1j09_chainA,A,109,P,N
1j09_chainA,A,110,E,N
1j09_chainA,A,111,E,N
1j09_chainA,A,112,L,N
1j09_chainA,A,113,E,N
1j09_chainA,A,114,Q,N
1j09_chainA,A,115,I,N
1j09_chainA,A,116,R,N
1j09_chainA,A,117,K,N
1j09_chainA,A,118,E,N
1j09_chainA,A,119,K,N
1j09_chainA,A,120,G,N
1j09_chainA,A,121,G,N
1j09_chainA,A,122,Y,N
1j09_chainA,A,123,D,N
1j09_chainA,A,124,G,N
1j09_chainA,A,125,R,N
1j09_chainA,A,126,A,N
1j09_chainA,A,127,R,N
1j09_chainA,A,128,N,N
1j09_chainA,A,129,I,N
1j09_chainA,A,130,P,N
1j09_chainA,A,131,P,N
1j09_chainA,A,132,E,N
1j09_chainA,A,133,E,N
1j09_chainA,A,134,A,N
1j09_chainA,A,135,E,N
1j09_chainA,A,136,E,N
1j09_chainA,A,137,R,N
1j09_chainA,A,138,A,N
1j09_chainA,A,139,R,N
1j09_chainA,A,140,R,N
1j09_chainA,A,141,G,N
1j09_chainA,A,142,E,N
1j09_chainA,A,143,P,N
1j09_chainA,A,144,H,N
1j09_chainA,A,145,V,N
1j09_chainA,A,146,I,N
1j09_chainA,A,147,R,N
1j09_chainA,A,148,L,N
1j09_chainA,A,149,K,N
1j09_chainA,A,150,V,N
1j09_chainA,A,151,P,N
1j09_chainA,A,152,R,N
1j09_chainA,A,153,P,N
1j09_chainA,A,154,G,N
1j09_chainA,A,155,T,N
1j09_chainA,A,156,T,N
1j09_chainA,A,157,E,N
1j09_chainA,A,158,V,N
1j09_chainA,A,159,K,N
1j09_chainA,A,160,D,N
1j09_chainA,A,161,E,N
1j09_chainA,A,162,L,N
1j09_chainA,A,163,R,N
1j09_chainA,A,164,G,N
1j09_chainA,A,165,V,N
1j09_chainA,A,166,V,N
1j09_chainA,A,167,V,N
1j09_chainA,A,168,Y,N
1j09_chainA,A,169,D,N
1j09_chainA,A,170,N,N
1j09_chainA,A,171,Q,N
1j09_chainA,A,172,E,N
1j09_chainA,A,173,I,N
1j09_chainA,A,174,P,N
1j09_chainA,A,175,D,N
1j09_chainA,A,176,V,N
1j09_chainA,A,177,V,N
1j09_chainA,A,178,L,N
1j09_chainA,A,179,L,N
1j09_chainA,A,180,K,N
1j09_chainA,A,181,S,N
1j09_chainA,A,182,D,N
1j09_chainA,A,183,G,N
1j09_chainA,A,184,Y,N
1j09_chainA,A,185,P,N
1j09_chainA,A,186,T,N
1j09_chainA,A,187,Y,N
1j09_chainA,A,188,H,N
1j09_chainA,A,189,L,N
1j09_chainA,A,190,A,N
1j09_chainA,A,191,N,N
1j09_chainA,A,192,V,N
1j09_chainA,A,193,V,N
1j09_chainA,A,194,D,N
1j09_chainA,A,195,D,N
1j09_chainA,A,196,H,N
1j09_chainA,A,197,L,N
1j09_chainA,A,198,M,N
1j09_chainA,A,199,G,N
1j09_chainA,A,200,V,N
1j09_chainA,A,201,T,N
1j09_chainA,A,202,D,N
1j09_chainA,A,203,V,N
1j09_chainA,A,204,I,N
1j09_chainA,A,205,R,N
1j09_chainA,A,206,A,B
1j09_chainA,A,207,E,N
1j09_chainA,A,208,E,B
1j09_chainA,A,209,W,B
1j09_chainA,A,210,L,N
1j09_chainA,A,211,V,N
1j09_chainA,A,212,S,N
1j09_chainA,A,213,T,N
1j09_chainA,A,214,P,N
1j09_chainA,A,215,I,N
1j09_chainA,A,216,H,N
1j09_chainA,A,217,V,N
1j09_chainA,A,218,L,N
1j09_chainA,A,219,L,N
1j09_chainA,A,220,Y,N
1j09_chainA,A,221,R,N
1j09_chainA,A,222,A,N
1j09_chainA,A,223,F,N
1j09_chainA,A,224,G,N
1j09_chainA,A,225,W,N
1j09_chainA,A,226,E,N
1j09_chainA,A,227,A,N
1j09_chainA,A,228,P,N
1j09_chainA,A,229,R,N
1j09_chainA,A,230,F,N
1j09_chainA,A,231,Y,N
1j09_chainA,A,232,H,N
1j09_chainA,A,233,M,N
1j09_chainA,A,234,P,N
1j09_chainA,A,235,L,B
1j09_chainA,A,236,L,B
1j09_chainA,A,237,R,N
1j09_chainA,A,238,N,N
1j09_chainA,A,239,P,N
1j09_chainA,A,240,D,N
1j09_chainA,A,241,K,N
1j09_chainA,A,242,T,N
1j09_chainA,A,243,K,B
1j09_chainA,A,244,I,B
1j09_chainA,A,245,S,B
1j09_chainA,A,246,K,B
1j09_chainA,A,247,R,B
1j09_chainA,A,248,K,N
1j09_chainA,A,249,S,N
1j09_chainA,A,250,H,N
1j09_chainA,A,251,T,N
1j09_chainA,A,252,S,N
1j09_chainA,A,253,L,N
1j09_chainA,A,254,D,N
1j09_chainA,A,255,W,N
1j09_chainA,A,256,Y,N
1j09_chainA,A,257,K,N
1j09_chainA,A,258,A,N
1j09_chainA,A,259,E,N
1j09_chainA,A,260,G,N
1j09_chainA,A,261,F,N
1j09_chainA,A,262,L,N
1j09_chainA,A,263,P,N
1j09_chainA,A,264,E,N
1j09_chainA,A,265,A,N
1j09_chainA,A,266,L,N
1j09_chainA,A,267,R,N
1j09_chainA,A,268,N,N
1j09_chainA,A,269,Y,N
1j09_chainA,A,270,L,N
1j09_chainA,A,271,C,N
1j09_chainA,A,272,L,N
1j09_chainA,A,273,M,N
1j09_chainA,A,274,G,N
1j09_chainA,A,275,F,N
1j09_chainA,A,276,S,N
1j09_chainA,A,277,M,N
1j09_chainA,A,278,P,N
1j09_chainA,A,279,D,N
1j09_chainA,A,280,G,N
1j09_chainA,A,281,R,N
1j09_chainA,A,282,E,N
1j09_chainA,A,283,I,N
1j09_chainA,A,284,F,N
1j09_chainA,A,285,T,N
1j09_chainA,A,286,L,N
1j09_chainA,A,287,E,N
1j09_chainA,A,288,E,N
1j09_chainA,A,289,F,N
1j09_chainA,A,290,I,N
1j09_chainA,A,291,Q,N
1j09_chainA,A,292,A,N
1j09_chainA,A,293,F,N
1j09_chainA,A,294,T,N
1j09_chainA,A,295,W,N
1j09_chainA,A,296,E,N
1j09_chainA,A,297,R,N
1j09_chainA,A,298,V,N
1j09_chainA,A,299,S,N
1j09_chainA,A,300,L,N
1j09_chainA,A,301,G,N
1j09_chainA,A,302,G,N
1j09_chainA,A,303,P,N
1j09_chainA,A,304,V,N
1j09_chainA,A,305,F,N
1j09_chainA,A,306,D,N
1j09_chainA,A,307,L,N
1j09_chainA,A,308,E,N
1j09_chainA,A,309,K,N
1j09_chainA,A,310,L,N
1j09_chainA,A,311,R,N
1j09_chainA,A,312,W,N
1j09_chainA,A,313,M,N
1j09_chainA,A,314,N,N
1j09_chainA,A,315,G,N
1j09_chainA,A,316,K,N
1j09_chainA,A,317,Y,N
1j09_chainA,A,318,I,N
1j09_chainA,A,319,R,N
1j09_chainA,A,320,E,N
1j09_chainA,A,321,V,N
1j09_chainA,A,322,L,N
1j09_chainA,A,323,S,N
1j09_chainA,A,324,L,N
1j09_chainA,A,325,E,N
1j09_chainA,A,326,E,N
1j09_chainA,A,327,V,N
1j09_chainA,A,328,A,N
1j09_chainA,A,329,E,N
1j09_chainA,A,330,R,N
1j09_chainA,A,331,V,N
1j09_chainA,A,332,K,N
1j09_chainA,A,333,P,N
1j09_chainA,A,334,F,N
1j09_chainA,A,335,L,N
1j09_chainA,A,336,R,N
1j09_chainA,A,337,E,N
1j09_chainA,A,338,A,N
1j09_chainA,A,339,G,N
1j09_chainA,A,340,L,N
1j09_chainA,A,341,S,N
1j09_chainA,A,342,W,N
1j09_chainA,A,343,E,N
1j09_chainA,A,344,S,N
1j09_chainA,A,345,E,N
1j09_chainA,A,346,A,N
1j09_chainA,A,347,Y,N
1j09_chainA,A,348,L,N
1j09_chainA,A,349,R,N
1j09_chainA,A,350,R,N
1j09_chainA,A,351,A,N
1j09_chainA,A,352,V,N
1j09_chainA,A,353,E,N
1j09_chainA,A,354,L,N
1j09_chainA,A,355,M,N
1j09_chainA,A,356,R,N
1j09_chainA,A,357,P,N
1j09_chainA,A,358,R,N
1j09_chainA,A,359,F,N
1j09_chainA,A,360,D,N
1j09_chainA,A,361,T,N
1j09_chainA,A,362,L,N
1j09_chainA,A,363,K,N
1j09_chainA,A,364,E,N
1j09_chainA,A,365,F,N
1j09_chainA,A,366,P,N
1j09_chainA,A,367,E,N
1j09_chainA,A,368,K,N
1j09_chainA,A,369,A,N
1j09_chainA,A,370,R,N
1j09_chainA,A,371,Y,N
1j09_chainA,A,372,L,N
1j09_chainA,A,373,F,N
1j09_chainA,A,374,T,N
1j09_chainA,A,375,E,N
1j09_chainA,A,376,D,N
1j09_chainA,A,377,Y,N
1j09_chainA,A,378,P,N
1j09_chainA,A,379,V,N
1j09_chainA,A,380,S,N
1j09_chainA,A,381,E,N
1j09_chainA,A,382,K,N
1j09_chainA,A,383,A,N
1j09_chainA,A,384,Q,N
1j09_chainA,A,385,R,N
1j09_chainA,A,386,K,N
1j09_chainA,A,387,L,N
1j09_chainA,A,388,E,N
1j09_chainA,A,389,E,N
1j09_chainA,A,390,G,N
1j09_chainA,A,391,L,N
1j09_chainA,A,392,P,N
1j09_chainA,A,393,L,N
1j09_chainA,A,394,L,N
1j09_chainA,A,395,K,N
1j09_chainA,A,396,E,N
1j09_chainA,A,397,L,N
1j09_chainA,A,398,Y,N
1j09_chainA,A,399,P,N
1j09_chainA,A,400,R,N
1j09_chainA,A,401,L,N
1j09_chainA,A,402,R,N
1j09_chainA,A,403,A,N
1j09_chainA,A,404,Q,N
1j09_chainA,A,405,E,N
1j09_chainA,A,406,E,N
1j09_chainA,A,407,W,N
1j09_chainA,A,408,T,N
1j09_chainA,A,409,E,N
1j09_chainA,A,410,A,N
1j09_chainA,A,411,A,N
1j09_chainA,A,412,L,N
1j09_chainA,A,413,E,N
1j09_chainA,A,414,A,N
1j09_chainA,A,415,L,N
1j09_chainA,A,416,L,N
1j09_chainA,A,417,R,N
1j09_chainA,A,418,G,N
1j09_chainA,A,419,F,N
1j09_chainA,A,420,A,N
1j09_chainA,A,421,A,N
1j09_chainA,A,422,E,N
1j09_chainA,A,423,K,N
1j09_chainA,A,424,G,N
1j09_chainA,A,425,V,N
1j09_chainA,A,426,K,N
1j09_chainA,A,427,L,N
1j09_chainA,A,428,G,N
1j09_chainA,A,429,Q,N
1j09_chainA,A,430,V,N
1j09_chainA,A,431,A,N
1j09_chainA,A,432,Q,N
1j09_chainA,A,433,P,N
1j09_chainA,A,434,L,N
1j09_chainA,A,435,R,N
1j09_chainA,A,436,A,N
1j09_chainA,A,437,A,N
1j09_chainA,A,438,L,N
1j09_chainA,A,439,T,N
1j09_chainA,A,440,G,N
1j09_chainA,A,441,S,N
1j09_chainA,A,442,L,N
1j09_chainA,A,443,E,N
1j09_chainA,A,444,T,N
1j09_chainA,A,445,P,N
1j09_chainA,A,446,G,N
1j09_chainA,A,447,L,N
1j09_chainA,A,448,F,N
1j09_chainA,A,449,E,N
1j09_chainA,A,450,I,N
1j09_chainA,A,451,L,N
1j09_chainA,A,452,A,N
1j09_chainA,A,453,L,N
1j09_chainA,A,454,L,N
1j09_chainA,A,455,G,N
1j09_chainA,A,456,K,N
1j09_chainA,A,457,E,N
1j09_chainA,A,458,R,N
1j09_chainA,A,459,A,N
1j09_chainA,A,460,L,N
1j09_chainA,A,461,R,N
1j09_chainA,A,462,R,N
1j09_chainA,A,463,L,N
1j09_chainA,A,464,E,N
1j09_chainA,A,465,R,N
1j09_chainA,A,466,A,N
1j09_chainA,A,467,L,N
1j09_chainA,A,468,A,N

