Atom_Name,Residue_Name,Residue_ID
CA,G,12
CA,A,13
CA,S,14
CA,M,15
CA,Q,16
CA,S,17
CA,A,18
CA,A,19
CA,N,20
CA,I,21
CA,T,22
CA,L,23
CA,R,24
CA,Q,25
CA,I,26
CA,L,27
CA,E,28
CA,P,29
CA,N,30
CA,N,31
CA,V,32
CA,N,33
CA,L,34
CA,R,35
CA,S,36
CA,K,37
CA,K,38
CA,T,39
CA,H,40
CA,I,41
CA,V,42
CA,C,43
CA,T,44
CA,L,45
CA,G,46
CA,P,47
CA,A,48
CA,C,49
CA,K,50
CA,S,51
CA,V,52
CA,E,53
CA,T,54
CA,L,55
CA,V,56
CA,K,57
CA,L,58
CA,I,59
CA,D,60
CA,A,61
CA,G,62
CA,M,63
CA,D,64
CA,I,65
CA,C,66
CA,R,67
CA,F,68
CA,N,69
CA,F,70
CA,S,71
CA,H,72
CA,G,73
CA,S,74
CA,H,75
CA,E,76
CA,D,77
CA,H,78
CA,K,79
CA,E,80
CA,M,81
CA,F,82
CA,N,83
CA,N,84
CA,V,85
CA,L,86
CA,K,87
CA,A,88
CA,Q,89
CA,E,90
CA,L,91
CA,R,92
CA,P,93
CA,N,94
CA,C,95
CA,L,96
CA,L,97
CA,G,98
CA,M,99
CA,L,100
CA,L,101
CA,D,102
CA,T,103
CA,K,104
CA,G,105
CA,P,106
CA,E,107
CA,I,108
CA,R,109
CA,T,110
CA,G,111
CA,F,112
CA,L,113
CA,K,114
CA,N,115
CA,K,116
CA,E,117
CA,V,118
CA,H,119
CA,L,120
CA,K,121
CA,E,122
CA,G,123
CA,S,124
CA,K,125
CA,L,126
CA,K,127
CA,L,128
CA,V,129
CA,T,130
CA,D,131
CA,Y,132
CA,E,133
CA,F,134
CA,L,135
CA,G,136
CA,D,137
CA,E,138
CA,T,139
CA,C,140
CA,I,141
CA,A,142
CA,C,143
CA,S,144
CA,Y,145
CA,K,146
CA,K,147
CA,L,148
CA,P,149
CA,Q,150
CA,S,151
CA,V,152
CA,K,153
CA,P,154
CA,G,155
CA,N,156
CA,I,157
CA,I,158
CA,L,159
CA,I,160
CA,A,161
CA,D,162
CA,G,163
CA,S,164
CA,V,165
CA,S,166
CA,C,167
CA,K,168
CA,V,169
CA,L,170
CA,E,171
CA,T,172
CA,H,173
CA,E,174
CA,D,175
CA,H,176
CA,V,177
CA,I,178
CA,T,179
CA,E,180
CA,V,181
CA,L,182
CA,N,183
CA,S,184
CA,A,185
CA,V,186
CA,I,187
CA,G,188
CA,E,189
CA,R,190
CA,K,191
CA,N,192
CA,M,193
CA,N,194
CA,L,195
CA,P,196
CA,N,197
CA,V,198
CA,K,199
CA,V,200
CA,D,201
CA,L,202
CA,P,203
CA,I,204
CA,I,205
CA,S,206
CA,E,207
CA,K,208
CA,D,209
CA,K,210
CA,N,211
CA,D,212
CA,I,213
CA,L,214
CA,N,215
CA,F,216
CA,A,217
CA,I,218
CA,P,219
CA,M,220
CA,G,221
CA,C,222
CA,N,223
CA,F,224
CA,I,225
CA,A,226
CA,A,227
CA,S,228
CA,F,229
CA,I,230
CA,Q,231
CA,S,232
CA,A,233
CA,D,234
CA,D,235
CA,V,236
CA,R,237
CA,L,238
CA,I,239
CA,R,240
CA,N,241
CA,L,242
CA,L,243
CA,G,244
CA,P,245
CA,R,246
CA,G,247
CA,R,248
CA,H,249
CA,I,250
CA,K,251
CA,I,252
CA,I,253
CA,P,254
CA,K,255
CA,I,256
CA,E,257
CA,N,258
CA,I,259
CA,E,260
CA,G,261
CA,I,262
CA,I,263
CA,H,264
CA,F,265
CA,D,266
CA,K,267
CA,I,268
CA,L,269
CA,A,270
CA,E,271
CA,S,272
CA,D,273
CA,G,274
CA,I,275
CA,M,276
CA,I,277
CA,A,278
CA,R,279
CA,G,280
CA,D,281
CA,L,282
CA,G,283
CA,M,284
CA,E,285
CA,I,286
CA,S,287
CA,P,288
CA,E,289
CA,K,290
CA,V,291
CA,F,292
CA,L,293
CA,A,294
CA,Q,295
CA,K,296
CA,L,297
CA,M,298
CA,I,299
CA,S,300
CA,K,301
CA,C,302
CA,N,303
CA,L,304
CA,Q,305
CA,G,306
CA,K,307
CA,P,308
CA,I,309
CA,I,310
CA,T,311
CA,A,312
CA,T,313
CA,Q,314
CA,M,315
CA,L,316
CA,E,317
CA,S,318
CA,M,319
CA,T,320
CA,K,321
CA,N,322
CA,P,323
CA,R,324
CA,P,325
CA,T,326
CA,R,327
CA,A,328
CA,E,329
CA,V,330
CA,T,331
CA,D,332
CA,V,333
CA,A,334
CA,N,335
CA,A,336
CA,V,337
CA,L,338
CA,D,339
CA,G,340
CA,T,341
CA,D,342
CA,C,343
CA,V,344
CA,M,345
CA,L,346
CA,S,347
CA,G,348
CA,E,349
CA,T,350
CA,A,351
CA,G,352
CA,G,353
CA,K,354
CA,F,355
CA,P,356
CA,V,357
CA,E,358
CA,A,359
CA,V,360
CA,T,361
CA,I,362
CA,M,363
CA,S,364
CA,K,365
CA,I,366
CA,C,367
CA,L,368
CA,E,369
CA,A,370
CA,E,371
CA,A,372
CA,C,373
CA,I,374
CA,D,375
CA,Y,376
CA,K,377
CA,L,378
CA,L,379
CA,Y,380
CA,Q,381
CA,S,382
CA,L,383
CA,V,384
CA,N,385
CA,A,386
CA,I,387
CA,E,388
CA,T,389
CA,P,390
CA,I,391
CA,S,392
CA,V,393
CA,Q,394
CA,E,395
CA,A,396
CA,V,397
CA,A,398
CA,R,399
CA,S,400
CA,A,401
CA,V,402
CA,E,403
CA,T,404
CA,A,405
CA,E,406
CA,S,407
CA,I,408
CA,Q,409
CA,A,410
CA,S,411
CA,L,412
CA,I,413
CA,I,414
CA,A,415
CA,L,416
CA,T,417
CA,E,418
CA,T,419
CA,G,420
CA,Y,421
CA,T,422
CA,A,423
CA,R,424
CA,L,425
CA,I,426
CA,A,427
CA,K,428
CA,Y,429
CA,K,430
CA,P,431
CA,S,432
CA,C,433
CA,T,434
CA,I,435
CA,L,436
CA,A,437
CA,L,438
CA,S,439
CA,A,440
CA,S,441
CA,D,442
CA,S,443
CA,T,444
CA,V,445
CA,K,446
CA,C,447
CA,L,448
CA,N,449
CA,V,450
CA,H,451
CA,R,452
CA,G,453
CA,V,454
CA,T,455
CA,C,456
CA,I,457
CA,K,458
CA,V,459
CA,G,460
CA,S,461
CA,F,462
CA,Q,463
CA,G,464
CA,T,465
CA,D,466
CA,I,467
CA,V,468
CA,I,469
CA,R,470
CA,N,471
CA,A,472
CA,I,473
CA,E,474
CA,I,475
CA,A,476
CA,K,477
CA,Q,478
CA,R,479
CA,N,480
CA,M,481
CA,A,482
CA,K,483
CA,V,484
CA,G,485
CA,D,486
CA,S,487
CA,V,488
CA,I,489
CA,A,490
CA,I,491
CA,H,492
CA,N,503
CA,L,504
CA,M,505
CA,K,506
CA,V,507
CA,V,508
CA,Q,509
CA,I,510
CA,E,511
